player,team,matches,format
V Kohli,Royal Challengers Bangalore,282,IPL
RG Sharma,Mumbai Indians,281,IPL
MS Dhoni,Rising Pune Supergiant,277,IPL
RA Jadeja,Gujarat Lions,267,IPL
KD Karthik,Gujarat Lions,257,IPL
S Dhawan,Sunrisers Hyderabad,222,IPL
R Ashwin,Kings XI Punjab,219,IPL
AM Rahane,Rising Pune Supergiant,212,IPL
B Kumar,Sunrisers Hyderabad,206,IPL
RV Uthappa,Kolkata Knight Riders,205,IPL
AT Rayudu,Mumbai Indians,204,IPL
SK Raina,Gujarat Lions,204,IPL
SP Narine,Kolkata Knight Riders,201,IPL
PP Chawla,Kolkata Knight Riders,192,IPL
SV Samson,Delhi Daredevils,190,IPL
KA Pollard,Mumbai Indians,189,IPL
YS Chahal,Royal Challengers Bangalore,189,IPL
DA Warner,Sunrisers Hyderabad,184,IPL
AB de Villiers,Royal Challengers Bangalore,183,IPL
MK Pandey,Kolkata Knight Riders,180,IPL
SA Yadav,Kolkata Knight Riders,179,IPL
AR Patel,Kings XI Punjab,177,IPL
YK Pathan,Kolkata Knight Riders,174,IPL
WP Saha,Kings XI Punjab,169,IPL
Harbhajan Singh,Mumbai Indians,163,IPL
HH Pandya,Mumbai Indians,162,IPL
A Mishra,Delhi Daredevils,162,IPL
KL Rahul,Kings XI Punjab,160,IPL
DJ Bravo,Chennai Super Kings,160,IPL
JJ Bumrah,Mumbai Indians,158,IPL
KH Pandya,Mumbai Indians,158,IPL
F du Plessis,Rising Pune Supergiant,154,IPL
G Gambhir,Kolkata Knight Riders,154,IPL
Rashid Khan,Sunrisers Hyderabad,153,IPL
DA Miller,Kings XI Punjab,152,IPL
UT Yadav,Kolkata Knight Riders,148,IPL
SS Iyer,Delhi Daredevils,147,IPL
SR Watson,Royal Challengers Bangalore,145,IPL
Sandeep Sharma,Kings XI Punjab,142,IPL
CH Gayle,Royal Challengers Bangalore,141,IPL
GJ Maxwell,Kings XI Punjab,141,IPL
AD Russell,Kolkata Knight Riders,139,IPL
PA Patel,Mumbai Indians,139,IPL
RR Pant,Delhi Daredevils,139,IPL
JC Buttler,Mumbai Indians,138,IPL
Ishan Kishan,Gujarat Lions,134,IPL
Shubman Gill,Kolkata Knight Riders,134,IPL
Mohammed Shami,Delhi Daredevils,132,IPL
Yuvraj Singh,Sunrisers Hyderabad,132,IPL
MA Agarwal,Rising Pune Supergiant,130,IPL
N Rana,Mumbai Indians,127,IPL
DJ Hooda,Sunrisers Hyderabad,125,IPL
Mohammed Siraj,Sunrisers Hyderabad,125,IPL
R Tewatia,Kings XI Punjab,124,IPL
TA Boult,Kolkata Knight Riders,124,IPL
MP Stoinis,Kings XI Punjab,123,IPL
HV Patel,Royal Challengers Bangalore,123,IPL
SL Malinga,Mumbai Indians,122,IPL
MM Sharma,Kings XI Punjab,120,IPL
P Kumar,Gujarat Lions,119,IPL
Q de Kock,Royal Challengers Bangalore,118,IPL
I Sharma,Kings XI Punjab,117,IPL
JD Unadkat,Rising Pune Supergiant,116,IPL
SN Thakur,Rising Pune Supergiant,114,IPL
NV Ojha,Sunrisers Hyderabad,113,IPL
Kuldeep Yadav,Kolkata Knight Riders,111,IPL
Mandeep Singh,Royal Challengers Bangalore,111,IPL
BB McCullum,Gujarat Lions,109,IPL
M Vijay,Chennai Super Kings,106,IPL
R Vinay Kumar,Mumbai Indians,104,IPL
N Pooran,Kings XI Punjab,104,IPL
V Sehwag,Delhi Daredevils,104,IPL
DL Chahar,Rising Pune Supergiant,103,IPL
IK Pathan,Gujarat Lions,103,IPL
SPD Smith,Rising Pune Supergiant,103,IPL
K Rabada,Delhi Daredevils,101,IPL
RA Tripathi,Rising Pune Supergiant,100,IPL
Z Khan,Delhi Daredevils,99,IPL
MK Tiwary,Rising Pune Supergiant,98,IPL
JH Kallis,Royal Challengers Bangalore,98,IPL
R Parag,Rajasthan Royals,97,IPL
Arshdeep Singh,Kings XI Punjab,97,IPL
STR Binny,Royal Challengers Bangalore,95,IPL
KM Jadhav,Royal Challengers Bangalore,95,IPL
R Bhatia,Rising Pune Supergiant,95,IPL
DW Steyn,Royal Challengers Bangalore,95,IPL
CV Varun,Kings XI Punjab,94,IPL
SO Hetmyer,Royal Challengers Bangalore,94,IPL
S Badrinath,Chennai Super Kings,94,IPL
PP Ojha,Deccan Chargers,92,IPL
DS Kulkarni,Gujarat Lions,92,IPL
AJ Finch,Gujarat Lions,92,IPL
S Dube,Royal Challengers Bangalore,92,IPL
Abhishek Sharma,Delhi Daredevils,92,IPL
SS Tiwary,Mumbai Indians,92,IPL
DR Smith,Gujarat Lions,91,IPL
JA Morkel,Chennai Super Kings,90,IPL
D Padikkal,Royal Challengers Bangalore,90,IPL
KV Sharma,Mumbai Indians,90,IPL
R Dravid,Royal Challengers Bangalore,89,IPL
A Nehra,Sunrisers Hyderabad,88,IPL
Ravi Bishnoi,Kings XI Punjab,86,IPL
KK Nair,Delhi Daredevils,86,IPL
RD Gaikwad,Chennai Super Kings,85,IPL
Washington Sundar,Rising Pune Supergiant,83,IPL
EJG Morgan,Kings XI Punjab,83,IPL
JP Duminy,Mumbai Indians,83,IPL
YBK Jaiswal,Rajasthan Royals,82,IPL
Avesh Khan,Royal Challengers Bangalore,82,IPL
RP Singh,Deccan Chargers,82,IPL
CH Morris,Delhi Daredevils,81,IPL
AC Gilchrist,Deccan Chargers,80,IPL
DPMD Jayawardene,Kings XI Punjab,80,IPL
RD Chahar,Rising Pune Supergiant,80,IPL
PJ Cummins,Delhi Daredevils,80,IPL
PP Shaw,Delhi Daredevils,79,IPL
KS Williamson,Sunrisers Hyderabad,79,IPL
AB Dinda,Rising Pune Supergiant,78,IPL
SR Tendulkar,Mumbai Indians,78,IPL
M Prasidh Krishna,Kolkata Knight Riders,78,IPL
V Shankar,Sunrisers Hyderabad,78,IPL
SK Trivedi,Rajasthan Royals,76,IPL
KK Ahmed,Sunrisers Hyderabad,76,IPL
T Natarajan,Kings XI Punjab,74,IPL
MM Ali,Royal Challengers Bangalore,73,IPL
L Balaji,Chennai Super Kings,73,IPL
S Nadeem,Delhi Daredevils,72,IPL
RK Singh,Kolkata Knight Riders,72,IPL
KC Sangakkara,Kings XI Punjab,71,IPL
SE Marsh,Kings XI Punjab,71,IPL
Abdul Samad,Sunrisers Hyderabad,71,IPL
Shakib Al Hasan,Kolkata Knight Riders,71,IPL
JM Sharma,Punjab Kings,71,IPL
M Morkel,Rajasthan Royals,70,IPL
AK Markram,Punjab Kings,69,IPL
VR Iyer,Kolkata Knight Riders,68,IPL
MR Marsh,Sunrisers Hyderabad,68,IPL
JC Archer,Rajasthan Royals,68,IPL
Tilak Varma,Mumbai Indians,68,IPL
A Badoni,Lucknow Super Giants,66,IPL
M Muralitharan,Chennai Super Kings,66,IPL
TH David,Royal Challengers Bangalore,66,IPL
BJ Hodge,Kolkata Knight Riders,66,IPL
P Simran Singh,Kings XI Punjab,66,IPL
Y Venugopal Rao,Deccan Chargers,65,IPL
H Klaasen,Rajasthan Royals,64,IPL
SM Curran,Kings XI Punjab,64,IPL
DJ Hussey,Kolkata Knight Riders,64,IPL
M Shahrukh Khan,Punjab Kings,64,IPL
Shahbaz Ahmed,Royal Challengers Bangalore,63,IPL
MM Patel,Gujarat Lions,63,IPL
MC Henriques,Sunrisers Hyderabad,62,IPL
JP Faulkner,Gujarat Lions,60,IPL
Mustafizur Rahman,Sunrisers Hyderabad,60,IPL
AM Nayar,Mumbai Indians,60,IPL
SB Jakati,Gujarat Lions,59,IPL
Imran Tahir,Rising Pune Supergiant,59,IPL
MEK Hussey,Chennai Super Kings,59,IPL
SC Ganguly,Kolkata Knight Riders,59,IPL
MA Starc,Kolkata Knight Riders,58,IPL
SN Khan,Royal Challengers Bangalore,58,IPL
Dhruv Jurel,Rajasthan Royals,57,IPL
B Sai Sudharsan,Gujarat Titans,57,IPL
RM Patidar,Royal Challengers Bangalore,57,IPL
JO Holder,Sunrisers Hyderabad,57,IPL
M Vohra,Kings XI Punjab,56,IPL
MJ McClenaghan,Mumbai Indians,56,IPL
M Kartik,Kolkata Knight Riders,56,IPL
S Kaul,Sunrisers Hyderabad,55,IPL
M Manhas,Delhi Daredevils,55,IPL
LRPL Taylor,Royal Challengers Bangalore,55,IPL
SK Warne,Rajasthan Royals,55,IPL
TG Southee,Mumbai Indians,54,IPL
Shashank Singh,Sunrisers Hyderabad,54,IPL
MG Johnson,Mumbai Indians,54,IPL
TU Deshpande,Delhi Capitals,53,IPL
TM Head,Royal Challengers Bangalore,53,IPL
S Gopal,Rajasthan Royals,52,IPL
JM Bairstow,Sunrisers Hyderabad,52,IPL
JR Hazlewood,Chennai Super Kings,52,IPL
VR Aaron,Kings XI Punjab,52,IPL
LH Ferguson,Rising Pune Supergiant,52,IPL
Harpreet Brar,Kings XI Punjab,51,IPL
Noor Ahmad,Gujarat Titans,51,IPL
LS Livingstone,Rajasthan Royals,51,IPL
TM Dilshan,Delhi Daredevils,51,IPL
P Negi,Royal Challengers Bangalore,50,IPL
A Nortje,Delhi Capitals,49,IPL
M Jansen,Mumbai Indians,49,IPL
Iqbal Abdulla,Royal Challengers Bangalore,49,IPL
DT Christian,Rising Pune Supergiant,49,IPL
AD Mathews,Delhi Daredevils,49,IPL
T Stubbs,Mumbai Indians,47,IPL
LR Shukla,Kolkata Knight Riders,47,IPL
CL White,Royal Challengers Bangalore,47,IPL
N Wadhera,Mumbai Indians,45,IPL
BA Stokes,Rising Pune Supergiant,45,IPL
R Sharma,Deccan Chargers,44,IPL
MS Gony,Gujarat Lions,44,IPL
M Ashwin,Royal Challengers Bangalore,44,IPL
S Sreesanth,Kings XI Punjab,44,IPL
C Green,Mumbai Indians,43,IPL
Yash Dayal,Gujarat Titans,43,IPL
VG Arora,Punjab Kings,43,IPL
TL Suman,Deccan Chargers,43,IPL
A Kumble,Royal Challengers Bangalore,42,IPL
PJ Sangwan,Gujarat Lions,42,IPL
Nithish Kumar Reddy,Sunrisers Hyderabad,42,IPL
CA Lynn,Kolkata Knight Riders,42,IPL
Mukesh Kumar,Delhi Capitals,42,IPL
AB Agarkar,Kolkata Knight Riders,42,IPL
Gurkeerat Singh,Kings XI Punjab,41,IPL
M Markande,Mumbai Indians,40,IPL
PD Salt,Delhi Capitals,40,IPL
GJ Bailey,Chennai Super Kings,40,IPL
MK Lomror,Rajasthan Royals,40,IPL
A Symonds,Deccan Chargers,39,IPL
R Dhawan,Punjab Kings,39,IPL
NM Coulter-Nile,Kolkata Knight Riders,39,IPL
MS Bisla,Kings XI Punjab,39,IPL
R Powell,Delhi Capitals,39,IPL
Suyash Sharma,Kolkata Knight Riders,39,IPL
M Theekshana,Chennai Super Kings,38,IPL
B Lee,Kings XI Punjab,38,IPL
Ramandeep Singh,Mumbai Indians,38,IPL
S Aravind,Royal Challengers Bangalore,38,IPL
RJ Harris,Deccan Chargers,37,IPL
Naman Dhir,Mumbai Indians,37,IPL
PWH de Silva,Royal Challengers Bangalore,37,IPL
NLTC Perera,Chennai Super Kings,37,IPL
Abishek Porel,Delhi Capitals,36,IPL
K Gowtham,Rajasthan Royals,36,IPL
HH Gibbs,Deccan Chargers,36,IPL
KP Pietersen,Royal Challengers Bangalore,36,IPL
MJ Santner,Chennai Super Kings,35,IPL
AP Tare,Delhi Daredevils,35,IPL
A Raghuvanshi,Kolkata Knight Riders,35,IPL
J Botha,Rajasthan Royals,34,IPL
Kartik Tyagi,Rajasthan Royals,34,IPL
DL Vettori,Delhi Daredevils,34,IPL
R Sathish,Mumbai Indians,34,IPL
CJ Jordan,Sunrisers Hyderabad,34,IPL
R Shepherd,Sunrisers Hyderabad,33,IPL
P Awana,Kings XI Punjab,33,IPL
Bipul Sharma,Sunrisers Hyderabad,33,IPL
Navdeep Saini,Royal Challengers Bangalore,33,IPL
PV Tambe,Rajasthan Royals,33,IPL
Harshit Rana,Kolkata Knight Riders,33,IPL
WD Parnell,Royal Challengers Bangalore,33,IPL
M Pathirana,Chennai Super Kings,33,IPL
Shivam Mavi,Kolkata Knight Riders,32,IPL
DB Ravi Teja,Deccan Chargers,32,IPL
Ashutosh Sharma,Punjab Kings,32,IPL
ML Hayden,Chennai Super Kings,32,IPL
SP Goswami,Sunrisers Hyderabad,31,IPL
A Ashish Reddy,Deccan Chargers,31,IPL
SE Rutherford,Delhi Capitals,31,IPL
Mohsin Khan,Lucknow Super Giants,31,IPL
MV Boucher,Royal Challengers Bangalore,31,IPL
Priyansh Arya,Punjab Kings,31,IPL
DB Das,Kolkata Knight Riders,31,IPL
AJ Tye,Gujarat Lions,30,IPL
SW Billings,Delhi Daredevils,30,IPL
CJ Anderson,Delhi Daredevils,30,IPL
CA Pujara,Kolkata Knight Riders,30,IPL
ST Jayasuriya,Mumbai Indians,30,IPL
LMP Simmons,Mumbai Indians,29,IPL
DP Nannes,Delhi Daredevils,29,IPL
AL Menaria,Rajasthan Royals,29,IPL
GC Smith,Rajasthan Royals,29,IPL
RN ten Doeschate,Kolkata Knight Riders,29,IPL
DP Conway,Chennai Super Kings,29,IPL
AS Rajpoot,Kolkata Knight Riders,29,IPL
JD Ryder,Royal Challengers Bangalore,29,IPL
M Kaif,Rajasthan Royals,29,IPL
L Ngidi,Chennai Super Kings,28,IPL
WG Jacks,Royal Challengers Bengaluru,28,IPL
R Sai Kishore,Gujarat Titans,28,IPL
Harmeet Singh,Deccan Chargers,28,IPL
A Manohar,Gujarat Titans,27,IPL
D Brevis,Mumbai Indians,27,IPL
DE Bollinger,Chennai Super Kings,27,IPL
RR Powar,Kings XI Punjab,27,IPL
Lalit Yadav,Delhi Capitals,27,IPL
E Lewis,Mumbai Indians,27,IPL
Arshad Khan,Mumbai Indians,26,IPL
Y Nagar,Delhi Daredevils,26,IPL
Vijaykumar Vyshak,Royal Challengers Bangalore,26,IPL
RD Rickelton,Mumbai Indians,26,IPL
Umran Malik,Sunrisers Hyderabad,26,IPL
AS Roy,Mumbai Indians,25,IPL
KK Cooper,Rajasthan Royals,25,IPL
Rasikh Salam,Mumbai Indians,25,IPL
DH Yagnik,Rajasthan Royals,25,IPL
C de Grandhomme,Kolkata Knight Riders,25,IPL
A Kamboj,Mumbai Indians,25,IPL
IC Pandey,Pune Warriors,25,IPL
Basil Thampi,Gujarat Lions,25,IPL
Sameer Rizvi,Chennai Super Kings,25,IPL
BB Sran,Sunrisers Hyderabad,24,IPL
Mukesh Choudhary,Chennai Super Kings,24,IPL
Mohammad Nabi,Sunrisers Hyderabad,24,IPL
RS Bopara,Kings XI Punjab,24,IPL
Anuj Rawat,Rajasthan Royals,24,IPL
GH Vihari,Delhi Capitals,24,IPL
Aniket Verma,Sunrisers Hyderabad,24,IPL
V Suryavanshi,Rajasthan Royals,23,IPL
DS Rathi,Lucknow Super Giants,23,IPL
PC Valthaty,Rajasthan Royals,23,IPL
Anureet Singh,Kings XI Punjab,23,IPL
A Singh,Rajasthan Royals,23,IPL
Azhar Mahmood,Kings XI Punjab,23,IPL
OA Shah,Kolkata Knight Riders,23,IPL
B Chipli,Royal Challengers Bangalore,23,IPL
PK Garg,Sunrisers Hyderabad,23,IPL
A Zampa,Rising Pune Supergiant,22,IPL
DJG Sammy,Sunrisers Hyderabad,22,IPL
K Goel,Kings XI Punjab,22,IPL
Yash Thakur,Lucknow Super Giants,22,IPL
S Sohal,Kings XI Punjab,22,IPL
Ankit Sharma,Rising Pune Supergiant,22,IPL
RR Rossouw,Delhi Capitals,22,IPL
E Malinga,Sunrisers Hyderabad,22,IPL
J Suchith,Delhi Capitals,22,IPL
AS Joseph,Mumbai Indians,22,IPL
AS Raut,Rajasthan Royals,22,IPL
SW Tait,Rajasthan Royals,21,IPL
AA Jhunjhunwala,Rajasthan Royals,21,IPL
UBT Chand,Delhi Daredevils,21,IPL
GB Hogg,Rajasthan Royals,21,IPL
BCJ Cutting,Sunrisers Hyderabad,21,IPL
JR Hopes,Kings XI Punjab,21,IPL
JJ Roy,Gujarat Lions,21,IPL
RE van der Merwe,Royal Challengers Bangalore,21,IPL
PVD Chameera,Lucknow Super Giants,21,IPL
CR Woakes,Kolkata Knight Riders,21,IPL
Mujeeb Ur Rahman,Kings XI Punjab,20,IPL
J Yadav,Delhi Daredevils,20,IPL
C Sakariya,Rajasthan Royals,20,IPL
JEC Franklin,Mumbai Indians,20,IPL
S Anirudha,Chennai Super Kings,20,IPL
SA Asnodkar,Rajasthan Royals,20,IPL
Prince Yadav,Lucknow Super Giants,20,IPL
Sachin Baby,Royal Challengers Bangalore,20,IPL
SB Dubey,Rajasthan Royals,20,IPL
Azmatullah Omarzai,Gujarat Titans,20,IPL
MF Maharoof,Delhi Daredevils,20,IPL
VVS Laxman,Deccan Chargers,20,IPL
V Nigam,Delhi Capitals,19,IPL
VRV Singh,Kings XI Punjab,19,IPL
D Ferreira,Rajasthan Royals,18,IPL
JDP Oram,Chennai Super Kings,18,IPL
M Rawat,Rajasthan Royals,18,IPL
D Wiese,Kolkata Knight Riders,18,IPL
R McLaren,Mumbai Indians,18,IPL
MD Mishra,Deccan Chargers,18,IPL
RP Meredith,Punjab Kings,18,IPL
Rahmanullah Gurbaz,Kolkata Knight Riders,18,IPL
Naveen-ul-Haq,Lucknow Super Giants,18,IPL
N Burger,Rajasthan Royals,18,IPL
R Ravindra,Chennai Super Kings,18,IPL
Akash Madhwal,Mumbai Indians,17,IPL
Pankaj Singh,Rajasthan Royals,17,IPL
BW Hilfenhaus,Chennai Super Kings,17,IPL
JP Inglis,Punjab Kings,17,IPL
KB Arun Karthik,Chennai Super Kings,17,IPL
BA Bhatt,Kings XI Punjab,17,IPL
AN Ahmed,Mumbai Indians,17,IPL
LA Pomersbach,Kings XI Punjab,17,IPL
JP Behrendorff,Mumbai Indians,17,IPL
VY Mahesh,Delhi Daredevils,17,IPL
NT Ellis,Punjab Kings,17,IPL
K Kartikeya,Mumbai Indians,16,IPL
Joginder Sharma,Chennai Super Kings,16,IPL
HM Amla,Kings XI Punjab,16,IPL
PR Shah,Mumbai Indians,16,IPL
A Mithun,Royal Challengers Bangalore,16,IPL
CR Brathwaite,Delhi Daredevils,16,IPL
DR Sams,Delhi Capitals,16,IPL
YV Takawale,Mumbai Indians,16,IPL
MN Samuels,Delhi Daredevils,15,IPL
AC Thomas,Pune Warriors,15,IPL
CA Ingram,Delhi Capitals,15,IPL
KA Jamieson,Royal Challengers Bangalore,15,IPL
DJ Mitchell,Rajasthan Royals,15,IPL
MS Wade,Gujarat Titans,15,IPL
J Fraser-McGurk,Delhi Capitals,15,IPL
B Akhil,Royal Challengers Bangalore,15,IPL
KW Richardson,Royal Challengers Bangalore,15,IPL
JDS Neesham,Kings XI Punjab,14,IPL
G Coetzee,Mumbai Indians,14,IPL
Swapnil Singh,Kings XI Punjab,14,IPL
Simarjeet Singh,Chennai Super Kings,14,IPL
C Connolly,Punjab Kings,14,IPL
GD Phillips,Rajasthan Royals,14,IPL
S Tyagi,Chennai Super Kings,14,IPL
GD McGrath,Delhi Daredevils,14,IPL
Akash Deep,Royal Challengers Bangalore,14,IPL
AD Nath,Gujarat Lions,14,IPL
SJ Srivastava,Kings XI Punjab,14,IPL
TK Curran,Kolkata Knight Riders,13,IPL
AA Chavan,Rajasthan Royals,13,IPL
RV Gomez,Kochi Tuskers Kerala,13,IPL
C Munro,Delhi Daredevils,13,IPL
P Dogra,Rajasthan Royals,13,IPL
MJ Guptill,Kings XI Punjab,13,IPL
N Jagadeesan,Chennai Super Kings,13,IPL
AD Mascarenhas,Rajasthan Royals,13,IPL
KP Appanna,Royal Challengers Bangalore,13,IPL
VS Malik,Kings XI Punjab,13,IPL
HR Shokeen,Mumbai Indians,13,IPL
WPUJC Vaas,Deccan Chargers,13,IPL
PBB Rajapaksa,Punjab Kings,13,IPL
SM Pollock,Mumbai Indians,13,IPL
KR Mayers,Lucknow Super Giants,13,IPL
S Arora,Sunrisers Hyderabad,13,IPL
Shivang Kumar,Sunrisers Hyderabad,13,IPL
Brijesh Sharma,Rajasthan Royals,13,IPL
XC Bartlett,Punjab Kings,13,IPL
J Overton,Chennai Super Kings,13,IPL
A Mhatre,Chennai Super Kings,13,IPL
CM Gautam,Delhi Daredevils,13,IPL
R Rampaul,Royal Challengers Bangalore,12,IPL
AG Murtaza,Mumbai Indians,12,IPL
KL Nagarkoti,Kolkata Knight Riders,12,IPL
MJ Lumb,Rajasthan Royals,12,IPL
FY Fazal,Rajasthan Royals,12,IPL
SB Styris,Deccan Chargers,12,IPL
Aman Hakim Khan,Kolkata Knight Riders,12,IPL
KR Sen,Rajasthan Royals,12,IPL
Fazalhaq Farooqi,Sunrisers Hyderabad,12,IPL
WA Mota,Kings XI Punjab,12,IPL
PA Reddy,Deccan Chargers,12,IPL
A Chandila,Rajasthan Royals,12,IPL
S Badree,Royal Challengers Bangalore,12,IPL
Suryansh Shedge,Punjab Kings,12,IPL
SB Bangar,Deccan Chargers,12,IPL
SH Johnson,Gujarat Titans,12,IPL
Akash Singh,Rajasthan Royals,12,IPL
J Syed Mohammad,Royal Challengers Bangalore,11,IPL
DJ Willey,Chennai Super Kings,11,IPL
S Rana,Pune Warriors,11,IPL
Sohail Tanvir,Rajasthan Royals,11,IPL
AF Milne,Royal Challengers Bangalore,11,IPL
SM Katich,Kings XI Punjab,11,IPL
SS Prabhudessai,Royal Challengers Bangalore,11,IPL
Kartik Sharma,Chennai Super Kings,11,IPL
HC Brook,Sunrisers Hyderabad,11,IPL
J Little,Gujarat Titans,11,IPL
KC Cariappa,Kings XI Punjab,11,IPL
Sakib Hussain,Sunrisers Hyderabad,11,IPL
Parvez Rasool,Pune Warriors,11,IPL
AM Ghazanfar,Mumbai Indians,11,IPL
FH Allen,Kolkata Knight Riders,11,IPL
Harsh Dubey,Sunrisers Hyderabad,11,IPL
SD Chitnis,Mumbai Indians,11,IPL
YA Abdulla,Kings XI Punjab,11,IPL
J Theron,Kings XI Punjab,10,IPL
MP Yadav,Lucknow Super Giants,10,IPL
I Udana,Royal Challengers Bangalore,10,IPL
KS Bharat,Royal Challengers Bangalore,10,IPL
SP Fleming,Chennai Super Kings,10,IPL
S Kaushik,Gujarat Lions,10,IPL
TS Mills,Royal Challengers Bangalore,10,IPL
N Saini,Kings XI Punjab,10,IPL
P Nissanka,Delhi Capitals,10,IPL
MD Choudhary,Lucknow Super Giants,10,IPL
Atharva Taide,Punjab Kings,10,IPL
AB McDonald,Delhi Daredevils,10,IPL
S Sandeep Warrier,Kolkata Knight Riders,10,IPL
CRD Fernando,Mumbai Indians,10,IPL
BAW Mendis,Kolkata Knight Riders,10,IPL
RR Raje,Mumbai Indians,10,IPL
Zeeshan Ansari,Sunrisers Hyderabad,10,IPL
JL Pattinson,Mumbai Indians,10,IPL
Urvil Patel,Chennai Super Kings,10,IPL
RT Ponting,Kolkata Knight Riders,10,IPL
Shahid Afridi,Deccan Chargers,10,IPL
MD Shanaka,Gujarat Titans,10,IPL
Ashwani Kumar,Mumbai Indians,10,IPL
M Siddharth,Lucknow Super Giants,9,IPL
Karanveer Singh,Kings XI Punjab,9,IPL
CJ Ferguson,Pune Warriors,9,IPL
B Laughlin,Rajasthan Royals,9,IPL
SP Jackson,Kolkata Knight Riders,9,IPL
S Ladda,Delhi Daredevils,9,IPL
AC Voges,Rajasthan Royals,9,IPL
S Lamichhane,Delhi Daredevils,9,IPL
K Khejroliya,Royal Challengers Bangalore,9,IPL
MJ Henry,Kings XI Punjab,9,IPL
Kamran Khan,Rajasthan Royals,9,IPL
SD Hope,Delhi Capitals,9,IPL
Anmolpreet Singh,Mumbai Indians,9,IPL
RV Patel,Delhi Capitals,9,IPL
Himmat Singh,Lucknow Super Giants,9,IPL
C Bosch,Mumbai Indians,9,IPL
JG Bethell,Royal Challengers Bengaluru,9,IPL
M Ntini,Chennai Super Kings,9,IPL
S Vidyut,Chennai Super Kings,9,IPL
NK Patel,Rajasthan Royals,9,IPL
DP Vijaykumar,Deccan Chargers,9,IPL
MW Short,Punjab Kings,9,IPL
Sikandar Raza,Punjab Kings,9,IPL
Yudhvir Singh,Lucknow Super Giants,9,IPL
Harpreet Singh,Punjab Kings,9,IPL
V Pratap Singh,Deccan Chargers,9,IPL
BB Samantray,Deccan Chargers,9,IPL
SMSM Senanayake,Kolkata Knight Riders,8,IPL
BJ Rohrer,Delhi Daredevils,8,IPL
N Thushara,Mumbai Indians,8,IPL
W Jaffer,Royal Challengers Bangalore,8,IPL
N Sindhu,Gujarat Titans,8,IPL
Mayank Dagar,Sunrisers Hyderabad,8,IPL
Yash Raj Punja,Rajasthan Royals,8,IPL
Mohammad Hafeez,Kolkata Knight Riders,8,IPL
Anand Rajan,Deccan Chargers,8,IPL
P Parameswaran,Kochi Tuskers Kerala,8,IPL
Gurjapneet Singh,Chennai Super Kings,8,IPL
OC McCoy,Rajasthan Royals,8,IPL
AUK Pathan,Royal Challengers Bangalore,8,IPL
AS Yadav,Deccan Chargers,8,IPL
Mohammad Asif,Delhi Daredevils,8,IPL
AJ Hosein,Sunrisers Hyderabad,8,IPL
RA Bawa,Punjab Kings,8,IPL
SB Wagh,Rajasthan Royals,8,IPL
S Randiv,Chennai Super Kings,8,IPL
Jaskaran Singh,Deccan Chargers,8,IPL
PD Collingwood,Delhi Daredevils,8,IPL
Yashpal Singh,Kolkata Knight Riders,8,IPL
HF Gurney,Kolkata Knight Riders,8,IPL
IS Sodhi,Rajasthan Royals,8,IPL
Shoaib Ahmed,Deccan Chargers,8,IPL
SE Bond,Kolkata Knight Riders,8,IPL
KMA Paul,Delhi Capitals,8,IPL
Misbah-ul-Haq,Royal Challengers Bangalore,8,IPL
D Pretorius,Chennai Super Kings,7,IPL
PP Hinge,Sunrisers Hyderabad,7,IPL
AC Blizzard,Mumbai Indians,7,IPL
Shoaib Malik,Delhi Daredevils,7,IPL
MC Juneja,Delhi Daredevils,7,IPL
LJ Wright,Pune Warriors,7,IPL
DJ Jacobs,Mumbai Indians,7,IPL
Salman Butt,Kolkata Knight Riders,7,IPL
IR Jaggi,Kolkata Knight Riders,7,IPL
AM Salvi,Delhi Daredevils,7,IPL
A Chopra,Kolkata Knight Riders,7,IPL
Vishnu Vinod,Royal Challengers Bangalore,7,IPL
S Narwal,Rajasthan Royals,7,IPL
TM Srivastava,Kings XI Punjab,7,IPL
DJM Short,Rajasthan Royals,7,IPL
BE Hendricks,Kings XI Punjab,7,IPL
KM Asif,Chennai Super Kings,7,IPL
R Shukla,Mumbai Indians,7,IPL
LE Plunkett,Delhi Daredevils,7,IPL
Ankit Soni,Gujarat Lions,7,IPL
CK Langeveldt,Kolkata Knight Riders,7,IPL
AA Bilakhia,Deccan Chargers,7,IPL
RJ Quiney,Rajasthan Royals,7,IPL
B Stanlake,Royal Challengers Bangalore,6,IPL
RJW Topley,Royal Challengers Bangalore,6,IPL
D Salunkhe,Rajasthan Royals,6,IPL
Kamran Akmal,Rajasthan Royals,6,IPL
Sunny Singh,Kings XI Punjab,6,IPL
Ashok Sharma,Gujarat Titans,6,IPL
PR Veer,Chennai Super Kings,6,IPL
R Smaran,Sunrisers Hyderabad,6,IPL
DJ Muthuswami,Delhi Daredevils,6,IPL
MJ Clarke,Pune Warriors,6,IPL
RE Levi,Mumbai Indians,6,IPL
AD Hales,Sunrisers Hyderabad,6,IPL
SS Cottrell,Kings XI Punjab,6,IPL
UT Khawaja,Rising Pune Supergiants,6,IPL
AJ Turner,Rajasthan Royals,6,IPL
GC Viljoen,Kings XI Punjab,6,IPL
OF Smith,Punjab Kings,6,IPL
TL Seifert,Kolkata Knight Riders,6,IPL
Umar Gul,Kolkata Knight Riders,6,IPL
FH Edwards,Deccan Chargers,6,IPL
T Thushara,Chennai Super Kings,6,IPL
Sanvir Singh,Sunrisers Hyderabad,6,IPL
P Amarnath,Chennai Super Kings,6,IPL
JA Duffy,Royal Challengers Bengaluru,6,IPL
DJ Thornely,Mumbai Indians,6,IPL
Raghu Sharma,Mumbai Indians,6,IPL
Arjun Tendulkar,Mumbai Indians,6,IPL
DG Nalkande,Gujarat Titans,6,IPL
PN Mankad,Punjab Kings,6,IPL
L Ronchi,Mumbai Indians,5,IPL
MJ Suthar,Gujarat Titans,5,IPL
KJ Abbott,Kings XI Punjab,5,IPL
JR Philippe,Royal Challengers Bangalore,5,IPL
Anirudh Singh,Deccan Chargers,5,IPL
V Puthur,Mumbai Indians,5,IPL
A Choudhary,Royal Challengers Bangalore,5,IPL
P Suyal,Mumbai Indians,5,IPL
Shivam Sharma,Kings XI Punjab,5,IPL
RJ Peterson,Mumbai Indians,5,IPL
M de Lange,Kolkata Knight Riders,5,IPL
JM Kemp,Chennai Super Kings,5,IPL
Auqib Nabi,Delhi Capitals,5,IPL
P Sahu,Kings XI Punjab,5,IPL
KMDN Kulasekara,Chennai Super Kings,5,IPL
TR Birt,Delhi Daredevils,5,IPL
JE Taylor,Pune Warriors,5,IPL
MG Bracewell,Royal Challengers Bangalore,5,IPL
LA Carseldine,Rajasthan Royals,5,IPL
U Kaul,Kings XI Punjab,5,IPL
MN van Wyk,Kolkata Knight Riders,5,IPL
P Dubey,Delhi Capitals,5,IPL
Kumar Kushagra,Delhi Capitals,5,IPL
MA Wood,Chennai Super Kings,5,IPL
GHS Garton,Royal Challengers Bangalore,5,IPL
CK Kapugedera,Chennai Super Kings,5,IPL
M Tiwari,Delhi Capitals,5,IPL
PHKD Mendis,Sunrisers Hyderabad,5,IPL
FA Allen,Punjab Kings,5,IPL
T Shamsi,Rajasthan Royals,5,IPL
SK Rasheed,Chennai Super Kings,5,IPL
B Sumanth,Deccan Chargers,5,IPL
AG Paunikar,Rajasthan Royals,5,IPL
DJ Harris,Deccan Chargers,4,IPL
AA Kulkarni,Lucknow Super Giants,4,IPL
Sumit Kumar,Delhi Capitals,4,IPL
AP Majumdar,Pune Warriors,4,IPL
RK Bhui,Sunrisers Hyderabad,4,IPL
O Thomas,Rajasthan Royals,4,IPL
ER Dwivedi,Gujarat Lions,4,IPL
R Minz,Mumbai Indians,4,IPL
NS Naik,Kolkata Knight Riders,4,IPL
KT Maphaka,Mumbai Indians,4,IPL
ND Doshi,Royal Challengers Bangalore,4,IPL
JA Richardson,Punjab Kings,4,IPL
JPR Scantlebury-Searles,Kolkata Knight Riders,4,IPL
RR Sarwan,Kings XI Punjab,4,IPL
SB Joshi,Royal Challengers Bangalore,4,IPL
MA Khote,Mumbai Indians,4,IPL
SR Dubey,Kolkata Knight Riders,4,IPL
Gagandeep Singh,Kings XI Punjab,4,IPL
SU Parakh,Delhi Capitals,4,IPL
M Klinger,Kochi Tuskers Kerala,4,IPL
YV Dhull,Delhi Capitals,4,IPL
T Kohli,Rajasthan Royals,4,IPL
GS Sandhu,Delhi Daredevils,3,IPL
RJ Gleeson,Chennai Super Kings,3,IPL
Krish Bhagat,Mumbai Indians,3,IPL
K Upadhyay,Pune Warriors,3,IPL
W O'Rourke,Lucknow Super Giants,3,IPL
V Viyaskanth,Sunrisers Hyderabad,3,IPL
BMAJ Mendis,Delhi Daredevils,3,IPL
Akshat Raghuwanshi,Lucknow Super Giants,3,IPL
T Kohler-Cadmore,Rajasthan Royals,3,IPL
C Nanda,Mumbai Indians,3,IPL
AT Carey,Delhi Capitals,3,IPL
SM Harwood,Rajasthan Royals,3,IPL
A Mukund,Chennai Super Kings,3,IPL
Virat Singh,Sunrisers Hyderabad,3,IPL
AU Rashid,Punjab Kings,3,IPL
D Kalyankrishna,Deccan Chargers,3,IPL
AB Barath,Kings XI Punjab,3,IPL
RS Sodhi,Kings XI Punjab,3,IPL
Abhinandan Singh,Royal Challengers Bengaluru,3,IPL
B Indrajith,Kolkata Knight Riders,3,IPL
SA Abbott,Sunrisers Hyderabad,3,IPL
KS Sharma,Lucknow Super Giants,3,IPL
S Chanderpaul,Royal Challengers Bangalore,3,IPL
HE van der Dussen,Rajasthan Royals,3,IPL
GF Linde,Lucknow Super Giants,3,IPL
Vivrant Sharma,Sunrisers Hyderabad,3,IPL
JE Root,Rajasthan Royals,3,IPL
JJ van der Wath,Royal Challengers Bangalore,3,IPL
NJ Maddinson,Royal Challengers Bangalore,3,IPL
BR Dunk,Mumbai Indians,3,IPL
TP Sudhindra,Deccan Chargers,3,IPL
JW Hastings,Chennai Super Kings,3,IPL
Saurav Chauhan,Royal Challengers Bengaluru,3,IPL
F Behardien,Kings XI Punjab,3,IPL
VH Zol,Royal Challengers Bangalore,3,IPL
L Ablish,Kings XI Punjab,3,IPL
LPC Silva,Deccan Chargers,3,IPL
A Flintoff,Chennai Super Kings,3,IPL
R Bishnoi,Royal Challengers Bangalore,3,IPL
DNT Zoysa,Deccan Chargers,3,IPL
Shoaib Akhtar,Kolkata Knight Riders,3,IPL
K Yadav,Rajasthan Royals,3,IPL
J Arunkumar,Royal Challengers Bangalore,3,IPL
T Taibu,Kolkata Knight Riders,3,IPL
AP Dole,Rajasthan Royals,3,IPL
MDKJ Perera,Rajasthan Royals,2,IPL
DV Malewar,Mumbai Indians,2,IPL
RG More,Chennai Super Kings,2,IPL
CJ McKay,Mumbai Indians,2,IPL
Gulbadin Naib,Delhi Capitals,2,IPL
LB Williams,Delhi Capitals,2,IPL
SSB Magala,Chennai Super Kings,2,IPL
Y Gnaneswara Rao,Kochi Tuskers Kerala,2,IPL
B Muzarabani,Kolkata Knight Riders,2,IPL
NL McCullum,Pune Warriors,2,IPL
R Ninan,Royal Challengers Bangalore,2,IPL
TD Paine,Pune Warriors,2,IPL
SS Mishra,Rajasthan Royals,2,IPL
T Dahiya,Kolkata Knight Riders,2,IPL
LG Pretorius,Rajasthan Royals,2,IPL
L Wood,Mumbai Indians,2,IPL
DA Payne,Sunrisers Hyderabad,2,IPL
H Sharma,Royal Challengers Bangalore,2,IPL
PH Solanki,Chennai Super Kings,2,IPL
B Geeves,Delhi Daredevils,2,IPL
DS Lehmann,Rajasthan Royals,2,IPL
RS Hangargekar,Chennai Super Kings,2,IPL
SC Kuggeleijn,Chennai Super Kings,2,IPL
PVSN Raju,Mumbai Indians,2,IPL
S Sriram,Royal Challengers Bangalore,2,IPL
VS Yeligati,Mumbai Indians,2,IPL
DT Patil,Royal Challengers Bangalore,2,IPL
PM Sarvesh Kumar,Deccan Chargers,2,IPL
NB Singh,Gujarat Lions,2,IPL
P Chopra,Rajasthan Royals,2,IPL
DR Shorey,Chennai Super Kings,2,IPL
T Henderson,Rajasthan Royals,2,IPL
KAJ Roach,Deccan Chargers,2,IPL
T Banton,Kolkata Knight Riders,2,IPL
SZ Mulani,Mumbai Indians,2,IPL
D du Preez,Royal Challengers Bangalore,2,IPL
SS Sarkar,Kolkata Knight Riders,2,IPL
SS Shaikh,Kolkata Knight Riders,2,IPL
AN Ghosh,Kolkata Knight Riders,2,IPL
A Uniyal,Rajasthan Royals,2,IPL
RS Gavaskar,Kolkata Knight Riders,2,IPL
KA Maharaj,Rajasthan Royals,2,IPL
Y Prithvi Raj,Kolkata Knight Riders,2,IPL
PSP Handscomb,Rising Pune Supergiants,2,IPL
SM Boland,Rising Pune Supergiants,2,IPL
K Santokie,Mumbai Indians,2,IPL
UA Birla,Pune Warriors,2,IPL
X Thalaivan Sargunam,Sunrisers Hyderabad,1,IPL
MG Neser,Kings XI Punjab,1,IPL
DAJ Bracewell,Delhi Daredevils,1,IPL
A Dananjaya,Mumbai Indians,1,IPL
SD Lad,Mumbai Indians,1,IPL
JL Denly,Kolkata Knight Riders,1,IPL
AR Bawne,Delhi Daredevils,1,IPL
RA Shaikh,Mumbai Indians,1,IPL
Shivam Singh,Punjab Kings,1,IPL
BR Sharath,Gujarat Titans,1,IPL
Tanush Kotian,Rajasthan Royals,1,IPL
Arshad Khan (2),Lucknow Super Giants,1,IPL
S Joseph,Lucknow Super Giants,1,IPL
Mohammad Ashraful,Mumbai Indians,1,IPL
RR Bose,Kings XI Punjab,1,IPL
GR Napier,Mumbai Indians,1,IPL
Mashrafe Mortaza,Kolkata Knight Riders,1,IPL
V Kaverappa,Punjab Kings,1,IPL
DM Bravo,Kolkata Knight Riders,1,IPL
CJ Green,Kolkata Knight Riders,1,IPL
Monu Kumar,Chennai Super Kings,1,IPL
P Ray Barman,Royal Challengers Bangalore,1,IPL
S Midhun,Rajasthan Royals,1,IPL
DR Martyn,Rajasthan Royals,1,IPL
C Ganapathy,Chennai Super Kings,1,IPL
MB Parmar,Kolkata Knight Riders,1,IPL
CJ Dala,Delhi Daredevils,1,IPL
DJ Malan,Punjab Kings,1,IPL
Younis Khan,Rajasthan Royals,1,IPL
RV Pawar,Mumbai Indians,1,IPL
Abdur Razzak,Royal Challengers Bangalore,1,IPL
H Das,Deccan Chargers,1,IPL
A Nel,Mumbai Indians,1,IPL
SS Agarwal,Gujarat Lions,1,IPL
MJ Owen,Punjab Kings,1,IPL
Jalaj S Saxena,Punjab Kings,1,IPL
LI Meriwala,Delhi Capitals,1,IPL
IC Porel,Punjab Kings,1,IPL
PWA Mulder,Sunrisers Hyderabad,1,IPL
MS Bhandage,Royal Challengers Bengaluru,1,IPL
Karim Janat,Gujarat Titans,1,IPL
KS Rathore,Rajasthan Royals,1,IPL
C Madan,Mumbai Indians,1,IPL
NJ Rimmington,Kings XI Punjab,1,IPL
MP Breetzke,Lucknow Super Giants,1,IPL
Musheer Khan,Punjab Kings,1,IPL
BKG Mendis,Gujarat Titans,1,IPL
Sediqullah Atal,Delhi Capitals,1,IPL
R Sanjay Yadav,Mumbai Indians,1,IPL
A Tomar,Kolkata Knight Riders,1,IPL
NA Saini,Rajasthan Royals,1,IPL
Mohit Rathee,Punjab Kings,1,IPL
Tejas Baroka,Gujarat Lions,1,IPL
P Dharmani,Kings XI Punjab,1,IPL
BJ Haddin,Kolkata Knight Riders,1,IPL
I Malhotra,Deccan Chargers,1,IPL
AA Kazi,Royal Challengers Bangalore,1,IPL
P Prasanth,Kochi Tuskers Kerala,1,IPL
Abdul Basith,Rajasthan Royals,1,IPL
Gurnoor Brar,Punjab Kings,1,IPL
R Goyal,Mumbai Indians,1,IPL
AA Noffke,Royal Challengers Bangalore,1,IPL
RS Ghosh,Chennai Super Kings,1,IPL
BJ Dwarshuis,Punjab Kings,1,IPL
Ravi Singh,Rajasthan Royals,1,IPL
T Vijay,Delhi Capitals,1,IPL
Salil Arora,Sunrisers Hyderabad,1,IPL
D Jansen,Mumbai Indians,1,IPL
Liton Das,Kolkata Knight Riders,1,IPL
RR Bhatkal,Royal Challengers Bangalore,1,IPL
T Mishra,Deccan Chargers,1,IPL
Mayank Rawat,Mumbai Indians,1,IPL
D Madushanka,Sunrisers Hyderabad,1,IPL
Sunny Gupta,Delhi Daredevils,1,IPL
KH Devdhar,Deccan Chargers,1,IPL
SS Mundhe,Pune Warriors,1,IPL
RW Price,Mumbai Indians,1,IPL
